,Classification Report,ROC-AUC Score
Logistic Regression,"              precision    recall  f1-score   support

           0       0.83      0.89      0.86      1033
           1       0.62      0.49      0.55       374

    accuracy                           0.79      1407
   macro avg       0.73      0.69      0.70      1407
weighted avg       0.77      0.79      0.78      1407
",0.8321202457925879
Random Forest,"              precision    recall  f1-score   support

           0       0.83      0.91      0.87      1033
           1       0.66      0.47      0.55       374

    accuracy                           0.79      1407
   macro avg       0.74      0.69      0.71      1407
weighted avg       0.78      0.79      0.78      1407
",0.8147509201691765
XGBoost,"              precision    recall  f1-score   support

           0       0.82      0.87      0.85      1033
           1       0.57      0.48      0.52       374

    accuracy                           0.77      1407
   macro avg       0.70      0.68      0.69      1407
weighted avg       0.76      0.77      0.76      1407
",0.8003659969664185
